File Path,File Title
database/manual/NUREG0800_Chapter5/5_2_1_1.pdf,"Compliance with the Codes and Standards Rule, 10 CFR 50.55a"
database/manual/NUREG0800_Chapter5/5_2_1_2.pdf,Applicable Code Cases
database/manual/NUREG0800_Chapter5/5_2_2.pdf,Overpressure Protection
database/manual/NUREG0800_Chapter5/5_2_3.pdf,Reactor Coolant Pressure Boundary Materials
database/manual/NUREG0800_Chapter5/5_2_4.pdf,Reactor Coolant Pressure Boundary Inservice Inspection and Testing
database/manual/NUREG0800_Chapter5/5_2_5.pdf,Reactor Coolant Pressure Boundary Leakage Detection
database/manual/NUREG0800_Chapter5/5_3_1.pdf,Reactor Vessel Materials
database/manual/NUREG0800_Chapter5/5_3_2.pdf,"Pressure-Temperature Limits, Upper-Shelf Energy, and Pressurized Thermal Shock"
database/manual/NUREG0800_Chapter5/5_3_3.pdf,Reactor Vessel Integrity
database/manual/NUREG0800_Chapter5/5_4.pdf,Reactor Coolant System Component and Subsystem Design
database/manual/NUREG0800_Chapter5/5_4_1_1.pdf,Pump Flywheel Integrity (PWR)
database/manual/NUREG0800_Chapter5/5_4_2_1.pdf,Steam Generator Materials and Design
database/manual/NUREG0800_Chapter5/5_4_2_2.pdf,Steam Generator Program
database/manual/NUREG0800_Chapter5/5_4_6.pdf,Reactor Core Isolation Cooling System (BWR)
database/manual/NUREG0800_Chapter5/5_4_7.pdf,Residual Heat Removal (RHR) System
database/manual/NUREG0800_Chapter5/5_4_8.pdf,Reactor Water Cleanup System (BWR)
database/manual/NUREG0800_Chapter5/5_4_11.pdf,Pressurizer Relief Tank
database/manual/NUREG0800_Chapter5/5_4_12.pdf,Reactor Coolant System High Point Vents
database/manual/NUREG0800_Chapter5/5_4_13.pdf,Isolation Condenser System (BWR)
database/manual/NUREG0800_Chapter5/BTP_5_1.pdf,Monitoring of Secondary Side Water Chemistry in PWR Steam Generators (Former Section 5.4.2.1 BTP has been separated into an individual section.)
database/manual/NUREG0800_Chapter5/BTP_5_2.pdf,Overpressurization Protection of Pressurized-Water Reactors While Operating at Low Temperatures (Former Section 5.2.2 BTP has been separated into an individual section.)
database/manual/NUREG0800_Chapter5/BTP_5_3.pdf,Fracture Toughness Requirements
database/manual/NUREG0800_Chapter5/BTP_5_4.pdf,Design Requirements of the Residual Heat Removal System
